{
    "loss": 0.5572384595870972,
    "accuracy": 0.9568345546722412
}