{
    "loss": 0.6925935745239258,
    "accuracy": 0.8920863270759583
}